{"cameraMode":{"drawMode":0,"name":"Shaded","section":"Shading Mode"},"sceneLighting":false,"audioPlay":false,"sceneViewState":{"m_AlwaysRefresh":false,"showFog":true,"showSkybox":true,"showFlares":true,"showImageEffects":true,"showParticleSystems":true,"showVisualEffectGraphs":true,"m_FxEnabled":true},"in2DMode":false,"pivot":{"x":0.8147046566009522,"y":0.702717661857605,"z":0.7377331256866455},"rotation":{"x":-0.024108879268169404,"y":-0.9357277750968933,"z":0.34581539034843447,"w":-0.06523185968399048},"size":1.3252580165863038,"orthographic":false}